<profile version="1.0">
  <option name="myName" value="Default" />
  <inspection_tool class="DuplicatedCode" enabled="false" level="WEAK WARNING" enabled_by_default="false">
    <Languages>
      <language minSize="77" name="Python" />
    </Languages>
  </inspection_tool>
  <inspection_tool class="PyPackageRequirementsInspection" enabled="true" level="WARNING" enabled_by_default="true">
    <option name="ignoredPackages">
      <value>
        <list size="110">
          <item index="0" class="java.lang.String" itemvalue="crcmod" />
          <item index="1" class="java.lang.String" itemvalue="pycryptodome" />
          <item index="2" class="java.lang.String" itemvalue="dicttoxml" />
          <item index="3" class="java.lang.String" itemvalue="python-neutronclient" />
          <item index="4" class="java.lang.String" itemvalue="pycrypto" />
          <item index="5" class="java.lang.String" itemvalue="python-novaclient" />
          <item index="6" class="java.lang.String" itemvalue="python-ldap" />
          <item index="7" class="java.lang.String" itemvalue="python-glanceclient" />
          <item index="8" class="java.lang.String" itemvalue="python-cinderclient" />
          <item index="9" class="java.lang.String" itemvalue="python-keystoneclient" />
          <item index="10" class="java.lang.String" itemvalue="redis" />
          <item index="11" class="java.lang.String" itemvalue="ipaddress" />
          <item index="12" class="java.lang.String" itemvalue="pympler" />
          <item index="13" class="java.lang.String" itemvalue="xlwt" />
          <item index="14" class="java.lang.String" itemvalue="requests" />
          <item index="15" class="java.lang.String" itemvalue="futures" />
          <item index="16" class="java.lang.String" itemvalue="gunicorn" />
          <item index="17" class="java.lang.String" itemvalue="limits" />
          <item index="18" class="java.lang.String" itemvalue="celery" />
          <item index="19" class="java.lang.String" itemvalue="six" />
          <item index="20" class="java.lang.String" itemvalue="falcon" />
          <item index="21" class="java.lang.String" itemvalue="SQLAlchemy" />
          <item index="22" class="java.lang.String" itemvalue="psycopg2-binary" />
          <item index="23" class="java.lang.String" itemvalue="mako" />
          <item index="24" class="java.lang.String" itemvalue="xlsxwriter" />
          <item index="25" class="java.lang.String" itemvalue="pyDes" />
          <item index="26" class="java.lang.String" itemvalue="pandas" />
          <item index="27" class="java.lang.String" itemvalue="talos-api" />
          <item index="28" class="java.lang.String" itemvalue="gevent" />
          <item index="29" class="java.lang.String" itemvalue="pika" />
          <item index="30" class="java.lang.String" itemvalue="itsdangerous" />
          <item index="31" class="java.lang.String" itemvalue="xlrd" />
          <item index="32" class="java.lang.String" itemvalue="psutil" />
          <item index="33" class="java.lang.String" itemvalue="dataclasses" />
          <item index="34" class="java.lang.String" itemvalue="func_timeout" />
          <item index="35" class="java.lang.String" itemvalue="beautifulsoup4" />
          <item index="36" class="java.lang.String" itemvalue="dogpile.cache" />
          <item index="37" class="java.lang.String" itemvalue="xlutils" />
          <item index="38" class="java.lang.String" itemvalue="tornado" />
          <item index="39" class="java.lang.String" itemvalue="pdfkit" />
          <item index="40" class="java.lang.String" itemvalue="IPy" />
          <item index="41" class="java.lang.String" itemvalue="captcha" />
          <item index="42" class="java.lang.String" itemvalue="lxml" />
          <item index="43" class="java.lang.String" itemvalue="pyjwt" />
          <item index="44" class="java.lang.String" itemvalue="falcon-multipart" />
          <item index="45" class="java.lang.String" itemvalue="retry" />
          <item index="46" class="java.lang.String" itemvalue="requests-toolbelt" />
          <item index="47" class="java.lang.String" itemvalue="openpyxl" />
          <item index="48" class="java.lang.String" itemvalue="jaeger-client" />
          <item index="49" class="java.lang.String" itemvalue="opentracing-instrumentation" />
          <item index="50" class="java.lang.String" itemvalue="Django" />
          <item index="51" class="java.lang.String" itemvalue="Flask" />
          <item index="52" class="java.lang.String" itemvalue="flask" />
          <item index="53" class="java.lang.String" itemvalue="opentracing" />
          <item index="54" class="java.lang.String" itemvalue="supervisor" />
          <item index="55" class="java.lang.String" itemvalue="greenlet" />
          <item index="56" class="java.lang.String" itemvalue="PyYAML" />
          <item index="57" class="java.lang.String" itemvalue="python-dateutil" />
          <item index="58" class="java.lang.String" itemvalue="python-dotenv" />
          <item index="59" class="java.lang.String" itemvalue="h11" />
          <item index="60" class="java.lang.String" itemvalue="MarkupSafe" />
          <item index="61" class="java.lang.String" itemvalue="pycparser" />
          <item index="62" class="java.lang.String" itemvalue="httptools" />
          <item index="63" class="java.lang.String" itemvalue="aiocontextvars" />
          <item index="64" class="java.lang.String" itemvalue="starlette" />
          <item index="65" class="java.lang.String" itemvalue="certifi" />
          <item index="66" class="java.lang.String" itemvalue="uvicorn" />
          <item index="67" class="java.lang.String" itemvalue="uvloop" />
          <item index="68" class="java.lang.String" itemvalue="email-validator" />
          <item index="69" class="java.lang.String" itemvalue="idna-ssl" />
          <item index="70" class="java.lang.String" itemvalue="dnspython" />
          <item index="71" class="java.lang.String" itemvalue="pydantic" />
          <item index="72" class="java.lang.String" itemvalue="confluent_kafka" />
          <item index="73" class="java.lang.String" itemvalue="cryptography" />
          <item index="74" class="java.lang.String" itemvalue="orjson" />
          <item index="75" class="java.lang.String" itemvalue="typing-extensions" />
          <item index="76" class="java.lang.String" itemvalue="loguru" />
          <item index="77" class="java.lang.String" itemvalue="click" />
          <item index="78" class="java.lang.String" itemvalue="attrs" />
          <item index="79" class="java.lang.String" itemvalue="watchgod" />
          <item index="80" class="java.lang.String" itemvalue="contextvars" />
          <item index="81" class="java.lang.String" itemvalue="PyMySQL" />
          <item index="82" class="java.lang.String" itemvalue="Mako" />
          <item index="83" class="java.lang.String" itemvalue="async-generator" />
          <item index="84" class="java.lang.String" itemvalue="idna" />
          <item index="85" class="java.lang.String" itemvalue="alembic" />
          <item index="86" class="java.lang.String" itemvalue="async-timeout" />
          <item index="87" class="java.lang.String" itemvalue="cffi" />
          <item index="88" class="java.lang.String" itemvalue="pycodestyle" />
          <item index="89" class="java.lang.String" itemvalue="python-editor" />
          <item index="90" class="java.lang.String" itemvalue="importlib-metadata" />
          <item index="91" class="java.lang.String" itemvalue="zipp" />
          <item index="92" class="java.lang.String" itemvalue="mmh3" />
          <item index="93" class="java.lang.String" itemvalue="aiomysql" />
          <item index="94" class="java.lang.String" itemvalue="urllib3" />
          <item index="95" class="java.lang.String" itemvalue="websockets" />
          <item index="96" class="java.lang.String" itemvalue="autopep8" />
          <item index="97" class="java.lang.String" itemvalue="immutables" />
          <item index="98" class="java.lang.String" itemvalue="async-exit-stack" />
          <item index="99" class="java.lang.String" itemvalue="backoff" />
          <item index="100" class="java.lang.String" itemvalue="toml" />
          <item index="101" class="java.lang.String" itemvalue="chardet" />
          <item index="102" class="java.lang.String" itemvalue="pottery" />
          <item index="103" class="java.lang.String" itemvalue="schedule" />
          <item index="104" class="java.lang.String" itemvalue="fastapi" />
          <item index="105" class="java.lang.String" itemvalue="aiohttp" />
          <item index="106" class="java.lang.String" itemvalue="multidict" />
          <item index="107" class="java.lang.String" itemvalue="yarl" />
          <item index="108" class="java.lang.String" itemvalue="setproctitle" />
          <item index="109" class="java.lang.String" itemvalue="requests_toolbelt" />
        </list>
      </value>
    </option>
  </inspection_tool>
  <inspection_tool class="PyPep8Inspection" enabled="true" level="WEAK WARNING" enabled_by_default="true">
    <option name="ignoredErrors">
      <list>
        <option value="E402" />
      </list>
    </option>
  </inspection_tool>
</profile>