<application>
  <component name="FileTypeManager" version="17">
    <ignoreFiles list="*$py.class;*.hprof;*.pyc;*.pyo;*.rbc;*.yarb;*~;.DS_Store;.git;.hg;.svn;CVS;__pycache__;_svn;vssver.scc;vssver2.scc;" />
    <extensionMap>
      <mapping pattern="tmp" type="Markdown" />
      <mapping ext="ttf" type="Native" />
      <mapping pattern=".env" type="PLAIN_TEXT" />
      <mapping pattern="auto_dabao.sh" type="PLAIN_TEXT" />
      <mapping ext="service" type="PLAIN_TEXT" />
      <mapping ext="conf" type="PLAIN_TEXT" />
      <mapping pattern="auto_dabao" type="Shell Script" />
      <mapping pattern="ebs_service_package_from_tag" type="Shell Script" />
      <mapping pattern="ebs_service_package_from_dev" type="Shell Script" />
    </extensionMap>
  </component>
</application>