<application>
  <component name="ProjectJdkTable">
    <jdk version="2">
      <name value="Python 3.6" />
      <type value="Python SDK" />
      <version value="Python 3.6.6" />
      <homePath value="C:\Program Files (x86)\Python36-32\python3.exe" />
      <roots>
        <classPath>
          <root type="composite">
            <root url="file://C:/Program Files (x86)/Python36-32/DLLs" type="simple" />
            <root url="file://C:/Program Files (x86)/Python36-32/Lib" type="simple" />
            <root url="file://C:/Program Files (x86)/Python36-32" type="simple" />
            <root url="file://C:/Program Files (x86)/Python36-32/Lib/site-packages" type="simple" />
            <root url="file://$USER_HOME$/AppData/Local/JetBrains/PyCharm2020.1/python_stubs/542844936" type="simple" />
            <root url="file://$APPLICATION_HOME_DIR$/plugins/python/helpers/python-skeletons" type="simple" />
            <root url="file://$APPLICATION_HOME_DIR$/plugins/python/helpers/typeshed/stdlib/3" type="simple" />
            <root url="file://$APPLICATION_HOME_DIR$/plugins/python/helpers/typeshed/stdlib/2and3" type="simple" />
            <root url="file://$APPLICATION_HOME_DIR$/plugins/python/helpers/typeshed/third_party/3" type="simple" />
            <root url="file://$APPLICATION_HOME_DIR$/plugins/python/helpers/typeshed/third_party/2and3" type="simple" />
          </root>
        </classPath>
        <sourcePath>
          <root type="composite" />
        </sourcePath>
      </roots>
      <additional />
    </jdk>
    <jdk version="2">
      <name value="remote3.6" />
      <type value="Python SDK" />
      <version value="Python 3.7.2" />
      <homePath value="sftp://rhlog@100.69.4.36:22/bin/python3" />
      <roots>
        <classPath>
          <root type="composite">
            <root url="file://$USER_HOME$/AppData/Local/JetBrains/PyCharm2020.1/remote_sources/-1231822964/-1506120976" type="simple" />
            <root url="file://$USER_HOME$/AppData/Local/JetBrains/PyCharm2020.1/remote_sources/-1231822964/708887508" type="simple" />
            <root url="file://$USER_HOME$/AppData/Local/JetBrains/PyCharm2020.1/remote_sources/-1231822964/-1506120977" type="simple" />
            <root url="file://$USER_HOME$/AppData/Local/JetBrains/PyCharm2020.1/remote_sources/-1231822964/-798664301" type="simple" />
            <root url="file://$USER_HOME$/AppData/Local/JetBrains/PyCharm2020.1/python_stubs/-1231822964" type="simple" />
            <root url="file://$APPLICATION_HOME_DIR$/plugins/python/helpers/python-skeletons" type="simple" />
            <root url="file://$APPLICATION_HOME_DIR$/plugins/python/helpers/typeshed/stdlib/3.7" type="simple" />
            <root url="file://$APPLICATION_HOME_DIR$/plugins/python/helpers/typeshed/stdlib/3" type="simple" />
            <root url="file://$APPLICATION_HOME_DIR$/plugins/python/helpers/typeshed/stdlib/2and3" type="simple" />
            <root url="file://$APPLICATION_HOME_DIR$/plugins/python/helpers/typeshed/third_party/3" type="simple" />
            <root url="file://$APPLICATION_HOME_DIR$/plugins/python/helpers/typeshed/third_party/2and3" type="simple" />
          </root>
        </classPath>
        <sourcePath>
          <root type="composite" />
        </sourcePath>
      </roots>
      <additional INTERPRETER_PATH="/bin/python3" HELPERS_PATH="/home/rhlog/.pycharm_helpers" INITIALIZED="false" VALID="true" RUN_AS_ROOT_VIA_SUDO="false" SKELETONS_PATH="" VERSION="" WEB_SERVER_CONFIG_ID="5f1564c9-bff6-4c0b-9e39-e462dc742e48" WEB_SERVER_CONFIG_NAME="开发机" WEB_SERVER_CREDENTIALS_ID="sftp://rhlog@100.69.4.36:22">
        <PathMappingSettings>
          <option name="pathMappings">
            <list>
              <mapping local-root="$USER_HOME$/AppData/Local/JetBrains/PyCharm2020.1/remote_sources/-1231822964/-1506120976" remote-root="/usr/local/python3/lib/python3.7" />
              <mapping local-root="$USER_HOME$/AppData/Local/JetBrains/PyCharm2020.1/remote_sources/-1231822964/708887508" remote-root="/usr/local/python3/lib/python3.7/site-packages" />
              <mapping local-root="$USER_HOME$/AppData/Local/JetBrains/PyCharm2020.1/remote_sources/-1231822964/-1506120977" remote-root="/usr/local/python3/lib/python3.6" />
              <mapping local-root="$USER_HOME$/AppData/Local/JetBrains/PyCharm2020.1/remote_sources/-1231822964/-798664301" remote-root="/usr/local/python3/lib/python3.6/site-packages" />
            </list>
          </option>
        </PathMappingSettings>
      </additional>
    </jdk>
    <jdk version="2">
      <name value="Python 2.7" />
      <type value="Python SDK" />
      <version value="Python 2.7.14" />
      <homePath value="C:\Python27\python.exe" />
      <roots>
        <classPath>
          <root type="composite">
            <root url="file://C:/Python27/DLLs" type="simple" />
            <root url="file://C:/Python27/Lib" type="simple" />
            <root url="file://C:/Python27/Lib/lib-tk" type="simple" />
            <root url="file://C:/Python27" type="simple" />
            <root url="file://$USER_HOME$/AppData/Roaming/Python/Python27/site-packages" type="simple" />
            <root url="file://C:/Python27/Lib/site-packages" type="simple" />
            <root url="file://$USER_HOME$/AppData/Local/JetBrains/PyCharm2020.1/python_stubs/-762174762" type="simple" />
            <root url="file://$APPLICATION_HOME_DIR$/plugins/python/helpers/python-skeletons" type="simple" />
            <root url="file://$APPLICATION_HOME_DIR$/plugins/python/helpers/typeshed/stdlib/2" type="simple" />
            <root url="file://$APPLICATION_HOME_DIR$/plugins/python/helpers/typeshed/stdlib/2and3" type="simple" />
            <root url="file://$APPLICATION_HOME_DIR$/plugins/python/helpers/typeshed/third_party/2" type="simple" />
            <root url="file://$APPLICATION_HOME_DIR$/plugins/python/helpers/typeshed/third_party/2and3" type="simple" />
          </root>
        </classPath>
        <sourcePath>
          <root type="composite" />
        </sourcePath>
      </roots>
      <additional />
    </jdk>
    <jdk version="2">
      <name value="ebs_env2.7" />
      <type value="Python SDK" />
      <version value="Python 2.7.5" />
      <homePath value="sftp://rhlog@100.69.4.36:22/app/ebs/ebs_env/bin/python2.7" />
      <roots>
        <classPath>
          <root type="composite">
            <root url="file://$USER_HOME$/AppData/Local/JetBrains/PyCharm2020.1/remote_sources/-992658475/1227773970" type="simple" />
            <root url="file://$USER_HOME$/AppData/Local/JetBrains/PyCharm2020.1/remote_sources/-992658475/-1286946534" type="simple" />
            <root url="file://$USER_HOME$/AppData/Local/JetBrains/PyCharm2020.1/remote_sources/-992658475/1646051593" type="simple" />
            <root url="file://$USER_HOME$/AppData/Local/JetBrains/PyCharm2020.1/remote_sources/-992658475/-1211821640" type="simple" />
            <root url="file://$USER_HOME$/AppData/Local/JetBrains/PyCharm2020.1/remote_sources/569954850/1227773970" type="simple" />
            <root url="file://$USER_HOME$/AppData/Local/JetBrains/PyCharm2020.1/remote_sources/569954850/-1286946534" type="simple" />
            <root url="file://$USER_HOME$/AppData/Local/JetBrains/PyCharm2020.1/remote_sources/569954850/1646051593" type="simple" />
            <root url="file://$USER_HOME$/AppData/Local/JetBrains/PyCharm2020.1/remote_sources/569954850/-1211821640" type="simple" />
            <root url="file://$USER_HOME$/AppData/Local/JetBrains/PyCharm2020.1/python_stubs/569954850" type="simple" />
            <root url="file://$APPLICATION_HOME_DIR$/plugins/python/helpers/python-skeletons" type="simple" />
            <root url="file://$APPLICATION_HOME_DIR$/plugins/python/helpers/typeshed/stdlib/2" type="simple" />
            <root url="file://$APPLICATION_HOME_DIR$/plugins/python/helpers/typeshed/stdlib/2and3" type="simple" />
            <root url="file://$APPLICATION_HOME_DIR$/plugins/python/helpers/typeshed/third_party/2" type="simple" />
            <root url="file://$APPLICATION_HOME_DIR$/plugins/python/helpers/typeshed/third_party/2and3" type="simple" />
          </root>
        </classPath>
        <sourcePath>
          <root type="composite" />
        </sourcePath>
      </roots>
      <additional INTERPRETER_PATH="/app/ebs/ebs_env/bin/python2.7" HELPERS_PATH="/home/rhlog/.pycharm_helpers" INITIALIZED="false" VALID="true" RUN_AS_ROOT_VIA_SUDO="false" SKELETONS_PATH="" VERSION="" WEB_SERVER_CONFIG_ID="5f1564c9-bff6-4c0b-9e39-e462dc742e48" WEB_SERVER_CONFIG_NAME="开发机" WEB_SERVER_CREDENTIALS_ID="sftp://rhlog@100.69.4.36:22">
        <PathMappingSettings>
          <option name="pathMappings">
            <list>
              <mapping local-root="$USER_HOME$/AppData/Local/JetBrains/PyCharm2020.1/remote_sources/-992658475/1227773970" remote-root="/app/ebs/ebs_env/lib64/python2.7" />
              <mapping local-root="$USER_HOME$/AppData/Local/JetBrains/PyCharm2020.1/remote_sources/-992658475/-1286946534" remote-root="/app/ebs/ebs_env/lib64/python2.7/lib-dynload" />
              <mapping local-root="$USER_HOME$/AppData/Local/JetBrains/PyCharm2020.1/remote_sources/-992658475/1646051593" remote-root="/usr/lib64/python2.7" />
              <mapping local-root="$USER_HOME$/AppData/Local/JetBrains/PyCharm2020.1/remote_sources/-992658475/-1211821640" remote-root="/app/ebs/ebs_env/lib/python2.7/site-packages" />
              <mapping local-root="$USER_HOME$/AppData/Local/JetBrains/PyCharm2020.1/remote_sources/569954850/1227773970" remote-root="/app/ebs/ebs_env/lib64/python2.7" />
              <mapping local-root="$USER_HOME$/AppData/Local/JetBrains/PyCharm2020.1/remote_sources/569954850/-1286946534" remote-root="/app/ebs/ebs_env/lib64/python2.7/lib-dynload" />
              <mapping local-root="$USER_HOME$/AppData/Local/JetBrains/PyCharm2020.1/remote_sources/569954850/1646051593" remote-root="/usr/lib64/python2.7" />
              <mapping local-root="$USER_HOME$/AppData/Local/JetBrains/PyCharm2020.1/remote_sources/569954850/-1211821640" remote-root="/app/ebs/ebs_env/lib/python2.7/site-packages" />
            </list>
          </option>
        </PathMappingSettings>
      </additional>
    </jdk>
    <jdk version="2">
      <name value="Python 3.6 (cinder-T-17.1.0)" />
      <type value="Python SDK" />
      <version value="Python 3.6.6" />
      <homePath value="D:\Users\ex-chenp003\PycharmProjects\cinder-T-17.1.0\openstack_env\Scripts\python3.exe" />
      <roots>
        <classPath>
          <root type="composite">
            <root url="file://C:/Program Files (x86)/Python36-32/DLLs" type="simple" />
            <root url="file://C:/Program Files (x86)/Python36-32/Lib" type="simple" />
            <root url="file://C:/Program Files (x86)/Python36-32" type="simple" />
            <root url="file://$USER_HOME$/PycharmProjects/cinder-T-17.1.0/openstack_env" type="simple" />
            <root url="file://$USER_HOME$/PycharmProjects/cinder-T-17.1.0/openstack_env/Lib/site-packages" type="simple" />
            <root url="file://$USER_HOME$/PycharmProjects/cinder-T-17.1.0/openstack_env/Lib/site-packages/win32" type="simple" />
            <root url="file://$USER_HOME$/PycharmProjects/cinder-T-17.1.0/openstack_env/Lib/site-packages/win32/lib" type="simple" />
            <root url="file://$USER_HOME$/PycharmProjects/cinder-T-17.1.0/openstack_env/Lib/site-packages/pythonwin" type="simple" />
            <root url="file://$USER_HOME$/AppData/Local/JetBrains/PyCharm2020.1/python_stubs/1287550239" type="simple" />
            <root url="file://$APPLICATION_HOME_DIR$/plugins/python/helpers/python-skeletons" type="simple" />
            <root url="file://$APPLICATION_HOME_DIR$/plugins/python/helpers/typeshed/stdlib/3" type="simple" />
            <root url="file://$APPLICATION_HOME_DIR$/plugins/python/helpers/typeshed/stdlib/2and3" type="simple" />
            <root url="file://$APPLICATION_HOME_DIR$/plugins/python/helpers/typeshed/third_party/3" type="simple" />
            <root url="file://$APPLICATION_HOME_DIR$/plugins/python/helpers/typeshed/third_party/2and3" type="simple" />
          </root>
        </classPath>
        <sourcePath>
          <root type="composite" />
        </sourcePath>
      </roots>
      <additional ASSOCIATED_PROJECT_PATH="$USER_HOME$/PycharmProjects/cinder-T-17.1.0" />
    </jdk>
    <jdk version="2">
      <name value="station_env3.6" />
      <type value="Python SDK" />
      <version value="Python 3.6.8" />
      <homePath value="sftp://rhlog@100.69.4.36:22/app/station/venv/bin/python3.6" />
      <roots>
        <classPath>
          <root type="composite">
            <root url="file://$USER_HOME$/AppData/Local/JetBrains/PyCharm2020.1/remote_sources/-1160495861/-1506120977" type="simple" />
            <root url="file://$USER_HOME$/AppData/Local/JetBrains/PyCharm2020.1/remote_sources/-1160495861/-2095754759" type="simple" />
            <root url="file://$USER_HOME$/AppData/Local/JetBrains/PyCharm2020.1/python_stubs/-1160495861" type="simple" />
            <root url="file://$APPLICATION_HOME_DIR$/plugins/python/helpers/python-skeletons" type="simple" />
            <root url="file://$APPLICATION_HOME_DIR$/plugins/python/helpers/typeshed/stdlib/3" type="simple" />
            <root url="file://$APPLICATION_HOME_DIR$/plugins/python/helpers/typeshed/stdlib/2and3" type="simple" />
            <root url="file://$APPLICATION_HOME_DIR$/plugins/python/helpers/typeshed/third_party/3" type="simple" />
            <root url="file://$APPLICATION_HOME_DIR$/plugins/python/helpers/typeshed/third_party/2and3" type="simple" />
          </root>
        </classPath>
        <sourcePath>
          <root type="composite" />
        </sourcePath>
      </roots>
      <additional INTERPRETER_PATH="/app/station/venv/bin/python3.6" HELPERS_PATH="/home/rhlog/.pycharm_helpers" INITIALIZED="false" VALID="true" RUN_AS_ROOT_VIA_SUDO="false" SKELETONS_PATH="" VERSION="" WEB_SERVER_CONFIG_ID="5f1564c9-bff6-4c0b-9e39-e462dc742e48" WEB_SERVER_CONFIG_NAME="开发机" WEB_SERVER_CREDENTIALS_ID="sftp://rhlog@100.69.4.36:22">
        <PathMappingSettings>
          <option name="pathMappings">
            <list>
              <mapping local-root="$USER_HOME$/AppData/Local/JetBrains/PyCharm2020.1/remote_sources/-1160495861/-1506120977" remote-root="/usr/local/python3/lib/python3.6" />
              <mapping local-root="$USER_HOME$/AppData/Local/JetBrains/PyCharm2020.1/remote_sources/-1160495861/-2095754759" remote-root="/app/station/venv/lib/python3.6/site-packages" />
            </list>
          </option>
        </PathMappingSettings>
      </additional>
    </jdk>
    <jdk version="2">
      <name value="Remote Python 2.7.5" />
      <type value="Python SDK" />
      <version value="Python 2.7.5" />
      <homePath value="sftp://rhlog@100.69.4.36:22/usr/bin/python" />
      <roots>
        <classPath>
          <root type="composite">
            <root url="file://$USER_HOME$/AppData/Local/JetBrains/PyCharm2020.1/remote_sources/555732834/1646051593" type="simple" />
            <root url="file://$USER_HOME$/AppData/Local/JetBrains/PyCharm2020.1/remote_sources/555732834/704340502" type="simple" />
            <root url="file://$USER_HOME$/AppData/Local/JetBrains/PyCharm2020.1/remote_sources/555732834/843607953" type="simple" />
            <root url="file://$USER_HOME$/AppData/Local/JetBrains/PyCharm2020.1/remote_sources/555732834/-289277395" type="simple" />
            <root url="file://$USER_HOME$/AppData/Local/JetBrains/PyCharm2020.1/remote_sources/555732834/-1458322845" type="simple" />
            <root url="file://$USER_HOME$/AppData/Local/JetBrains/PyCharm2020.1/remote_sources/555732834/918732847" type="simple" />
            <root url="file://$USER_HOME$/AppData/Local/JetBrains/PyCharm2020.1/python_stubs/555732834" type="simple" />
            <root url="file://$APPLICATION_HOME_DIR$/plugins/python/helpers/python-skeletons" type="simple" />
            <root url="file://$APPLICATION_HOME_DIR$/plugins/python/helpers/typeshed/stdlib/2" type="simple" />
            <root url="file://$APPLICATION_HOME_DIR$/plugins/python/helpers/typeshed/stdlib/2and3" type="simple" />
            <root url="file://$APPLICATION_HOME_DIR$/plugins/python/helpers/typeshed/third_party/2" type="simple" />
            <root url="file://$APPLICATION_HOME_DIR$/plugins/python/helpers/typeshed/third_party/2and3" type="simple" />
          </root>
        </classPath>
        <sourcePath>
          <root type="composite" />
        </sourcePath>
      </roots>
      <additional INTERPRETER_PATH="/usr/bin/python" HELPERS_PATH="/home/rhlog/.pycharm_helpers" INITIALIZED="false" VALID="true" RUN_AS_ROOT_VIA_SUDO="false" SKELETONS_PATH="" VERSION="" WEB_SERVER_CONFIG_ID="f99742a1-f81f-42dd-a631-79b8362d5d5b" WEB_SERVER_CONFIG_NAME="ebs" WEB_SERVER_CREDENTIALS_ID="sftp://rhlog@100.69.4.36:22">
        <PathMappingSettings>
          <option name="pathMappings">
            <list>
              <mapping local-root="$USER_HOME$/AppData/Local/JetBrains/PyCharm2020.1/remote_sources/555732834/1646051593" remote-root="/usr/lib64/python2.7" />
              <mapping local-root="$USER_HOME$/AppData/Local/JetBrains/PyCharm2020.1/remote_sources/555732834/704340502" remote-root="/usr/lib64/python2.7/plat-linux2" />
              <mapping local-root="$USER_HOME$/AppData/Local/JetBrains/PyCharm2020.1/remote_sources/555732834/843607953" remote-root="/usr/lib64/python2.7/lib-dynload" />
              <mapping local-root="$USER_HOME$/AppData/Local/JetBrains/PyCharm2020.1/remote_sources/555732834/-289277395" remote-root="/usr/lib64/python2.7/site-packages" />
              <mapping local-root="$USER_HOME$/AppData/Local/JetBrains/PyCharm2020.1/remote_sources/555732834/-1458322845" remote-root="/usr/lib64/python2.7/site-packages/gtk-2.0" />
              <mapping local-root="$USER_HOME$/AppData/Local/JetBrains/PyCharm2020.1/remote_sources/555732834/918732847" remote-root="/usr/lib/python2.7/site-packages" />
            </list>
          </option>
        </PathMappingSettings>
      </additional>
    </jdk>
  </component>
</application>