<application>
  <component name="WebServers">
    <option name="servers">
      <webServer id="92579416-0a81-4727-9290-f41ae2e7591a" name="fitcloud" url="http://100.69.4.36">
        <fileTransfer accessType="SFTP" host="100.69.4.36" port="22" sshConfigId="509ce09e-f415-441c-b83f-e4f97aa15f27" sshConfig="my_origin">
          <advancedOptions>
            <advancedOptions dataProtectionLevel="Private" passiveMode="true" shareSSLContext="true" />
          </advancedOptions>
        </fileTransfer>
      </webServer>
      <webServer id="f99742a1-f81f-42dd-a631-79b8362d5d5b" name="ebs" url="http://100.69.4.36">
        <fileTransfer accessType="SFTP" host="100.69.4.36" port="22" sshConfigId="509ce09e-f415-441c-b83f-e4f97aa15f27" sshConfig="my_origin">
          <advancedOptions>
            <advancedOptions dataProtectionLevel="Private" passiveMode="true" shareSSLContext="true" />
          </advancedOptions>
        </fileTransfer>
      </webServer>
    </option>
  </component>
</application>